"participant_id","tone","tone_rating","age","sex","gender_id","sexual_orientation","race_ethn","education","income","marital_status","no_in_household","minoritized","income_adj"
1,"legitimizing",2,22,"female","woman","bisexual","asian","phd",40000,"single",3,"yes",13333
1,"caring_supportive",1,22,"female","woman","bisexual","asian","phd",40000,"single",3,"yes",13333
1,"self_efficacy",3,22,"female","woman","bisexual","asian","phd",40000,"single",3,"yes",13333
1,"acknowledging",3,22,"female","woman","bisexual","asian","phd",40000,"single",3,"yes",13333
1,"value_affirmation",5,22,"female","woman","bisexual","asian","phd",40000,"single",3,"yes",13333
1,"norms",6,22,"female","woman","bisexual","asian","phd",40000,"single",3,"yes",13333
2,"legitimizing",1,61,"female","woman","gay/lesbian","white","master",80000,"single",3,"yes",26666
2,"caring_supportive",2,61,"female","woman","gay/lesbian","white","master",80000,"single",3,"yes",26666
2,"self_efficacy",3,61,"female","woman","gay/lesbian","white","master",80000,"single",3,"yes",26666
2,"acknowledging",4,61,"female","woman","gay/lesbian","white","master",80000,"single",3,"yes",26666
2,"value_affirmation",5,61,"female","woman","gay/lesbian","white","master",80000,"single",3,"yes",26666
2,"norms",5,61,"female","woman","gay/lesbian","white","master",80000,"single",3,"yes",26666
3,"legitimizing",1,59,"male","man","gay/lesbian","asian","master",60000,"single",4,"no",15000
3,"caring_supportive",2,59,"male","man","gay/lesbian","asian","master",60000,"single",4,"no",15000
3,"self_efficacy",3,59,"male","man","gay/lesbian","asian","master",60000,"single",4,"no",15000
3,"acknowledging",4,59,"male","man","gay/lesbian","asian","master",60000,"single",4,"no",15000
3,"value_affirmation",5,59,"male","man","gay/lesbian","asian","master",60000,"single",4,"no",15000
3,"norms",6,59,"male","man","gay/lesbian","asian","master",60000,"single",4,"no",15000
4,"legitimizing",1,35,"male","nonbinary","other","other","bachelor",20000,"divorced",2,"no",10000
4,"caring_supportive",2,35,"male","nonbinary","other","other","bachelor",20000,"divorced",2,"no",10000
4,"self_efficacy",3,35,"male","nonbinary","other","other","bachelor",20000,"divorced",2,"no",10000
4,"acknowledging",4,35,"male","nonbinary","other","other","bachelor",20000,"divorced",2,"no",10000
4,"value_affirmation",5,35,"male","nonbinary","other","other","bachelor",20000,"divorced",2,"no",10000
4,"norms",6,35,"male","nonbinary","other","other","bachelor",20000,"divorced",2,"no",10000
5,"legitimizing",2,54,"female","woman","heterosexual","black","phd",60000,"single",3,"yes",20000
5,"caring_supportive",2,54,"female","woman","heterosexual","black","phd",60000,"single",3,"yes",20000
5,"self_efficacy",3,54,"female","woman","heterosexual","black","phd",60000,"single",3,"yes",20000
5,"acknowledging",4,54,"female","woman","heterosexual","black","phd",60000,"single",3,"yes",20000
5,"value_affirmation",5,54,"female","woman","heterosexual","black","phd",60000,"single",3,"yes",20000
5,"norms",6,54,"female","woman","heterosexual","black","phd",60000,"single",3,"yes",20000
6,"legitimizing",1,20,"male","man","other","other","phd",40000,"married",6,"no",6666
6,"caring_supportive",2,20,"male","man","other","other","phd",40000,"married",6,"no",6666
6,"self_efficacy",3,20,"male","man","other","other","phd",40000,"married",6,"no",6666
6,"acknowledging",4,20,"male","man","other","other","phd",40000,"married",6,"no",6666
6,"value_affirmation",6,20,"male","man","other","other","phd",40000,"married",6,"no",6666
6,"norms",7,20,"male","man","other","other","phd",40000,"married",6,"no",6666
7,"legitimizing",2,40,"female","woman","bisexual","asian","phd",1e+05,"married",1,"yes",100000
7,"caring_supportive",3,40,"female","woman","bisexual","asian","phd",1e+05,"married",1,"yes",100000
7,"self_efficacy",3,40,"female","woman","bisexual","asian","phd",1e+05,"married",1,"yes",100000
7,"acknowledging",4,40,"female","woman","bisexual","asian","phd",1e+05,"married",1,"yes",100000
7,"value_affirmation",5,40,"female","woman","bisexual","asian","phd",1e+05,"married",1,"yes",100000
7,"norms",5,40,"female","woman","bisexual","asian","phd",1e+05,"married",1,"yes",100000
8,"legitimizing",1,25,"male","woman","other","white","bachelor",20000,"widowed",4,"yes",5000
8,"caring_supportive",2,25,"male","woman","other","white","bachelor",20000,"widowed",4,"yes",5000
8,"self_efficacy",3,25,"male","woman","other","white","bachelor",20000,"widowed",4,"yes",5000
8,"acknowledging",4,25,"male","woman","other","white","bachelor",20000,"widowed",4,"yes",5000
8,"value_affirmation",5,25,"male","woman","other","white","bachelor",20000,"widowed",4,"yes",5000
8,"norms",7,25,"male","woman","other","white","bachelor",20000,"widowed",4,"yes",5000
9,"legitimizing",3,65,"female","woman","heterosexual","other","bachelor",80000,"married",3,"no",26666
9,"caring_supportive",3,65,"female","woman","heterosexual","other","bachelor",80000,"married",3,"no",26666
9,"self_efficacy",3,65,"female","woman","heterosexual","other","bachelor",80000,"married",3,"no",26666
9,"acknowledging",4,65,"female","woman","heterosexual","other","bachelor",80000,"married",3,"no",26666
9,"value_affirmation",5,65,"female","woman","heterosexual","other","bachelor",80000,"married",3,"no",26666
9,"norms",6,65,"female","woman","heterosexual","other","bachelor",80000,"married",3,"no",26666
10,"legitimizing",1,29,"male","nonbinary","bisexual","black","master",80000,"married",2,"no",40000
10,"caring_supportive",2,29,"male","nonbinary","bisexual","black","master",80000,"married",2,"no",40000
10,"self_efficacy",3,29,"male","nonbinary","bisexual","black","master",80000,"married",2,"no",40000
10,"acknowledging",4,29,"male","nonbinary","bisexual","black","master",80000,"married",2,"no",40000
10,"value_affirmation",5,29,"male","nonbinary","bisexual","black","master",80000,"married",2,"no",40000
10,"norms",7,29,"male","nonbinary","bisexual","black","master",80000,"married",2,"no",40000
11,"legitimizing",2,51,"female","nonbinary","other","black","phd",80000,"divorced",2,"no",40000
11,"caring_supportive",2,51,"female","nonbinary","other","black","phd",80000,"divorced",2,"no",40000
11,"self_efficacy",3,51,"female","nonbinary","other","black","phd",80000,"divorced",2,"no",40000
11,"acknowledging",4,51,"female","nonbinary","other","black","phd",80000,"divorced",2,"no",40000
11,"value_affirmation",5,51,"female","nonbinary","other","black","phd",80000,"divorced",2,"no",40000
11,"norms",6,51,"female","nonbinary","other","black","phd",80000,"divorced",2,"no",40000
12,"legitimizing",2,34,"female","man","heterosexual","other","phd",80000,"divorced",4,"no",20000
12,"caring_supportive",1,34,"female","man","heterosexual","other","phd",80000,"divorced",4,"no",20000
12,"self_efficacy",3,34,"female","man","heterosexual","other","phd",80000,"divorced",4,"no",20000
12,"acknowledging",5,34,"female","man","heterosexual","other","phd",80000,"divorced",4,"no",20000
12,"value_affirmation",5,34,"female","man","heterosexual","other","phd",80000,"divorced",4,"no",20000
12,"norms",5,34,"female","man","heterosexual","other","phd",80000,"divorced",4,"no",20000
13,"legitimizing",1,57,"male","woman","bisexual","white","high_school",40000,"widowed",1,"no",40000
13,"caring_supportive",2,57,"male","woman","bisexual","white","high_school",40000,"widowed",1,"no",40000
13,"self_efficacy",4,57,"male","woman","bisexual","white","high_school",40000,"widowed",1,"no",40000
13,"acknowledging",4,57,"male","woman","bisexual","white","high_school",40000,"widowed",1,"no",40000
13,"value_affirmation",4,57,"male","woman","bisexual","white","high_school",40000,"widowed",1,"no",40000
13,"norms",7,57,"male","woman","bisexual","white","high_school",40000,"widowed",1,"no",40000
14,"legitimizing",1,43,"male","woman","other","hispanic","bachelor",1e+05,"single",4,"yes",25000
14,"caring_supportive",2,43,"male","woman","other","hispanic","bachelor",1e+05,"single",4,"yes",25000
14,"self_efficacy",3,43,"male","woman","other","hispanic","bachelor",1e+05,"single",4,"yes",25000
14,"acknowledging",4,43,"male","woman","other","hispanic","bachelor",1e+05,"single",4,"yes",25000
14,"value_affirmation",5,43,"male","woman","other","hispanic","bachelor",1e+05,"single",4,"yes",25000
14,"norms",7,43,"male","woman","other","hispanic","bachelor",1e+05,"single",4,"yes",25000
15,"legitimizing",2,51,"female","nonbinary","bisexual","asian","bachelor",1e+05,"married",4,"yes",25000
15,"caring_supportive",2,51,"female","nonbinary","bisexual","asian","bachelor",1e+05,"married",4,"yes",25000
15,"self_efficacy",3,51,"female","nonbinary","bisexual","asian","bachelor",1e+05,"married",4,"yes",25000
15,"acknowledging",4,51,"female","nonbinary","bisexual","asian","bachelor",1e+05,"married",4,"yes",25000
15,"value_affirmation",5,51,"female","nonbinary","bisexual","asian","bachelor",1e+05,"married",4,"yes",25000
15,"norms",6,51,"female","nonbinary","bisexual","asian","bachelor",1e+05,"married",4,"yes",25000
16,"legitimizing",1,45,"male","nonbinary","heterosexual","asian","master",20000,"widowed",6,"no",3333
16,"caring_supportive",2,45,"male","nonbinary","heterosexual","asian","master",20000,"widowed",6,"no",3333
16,"self_efficacy",3,45,"male","nonbinary","heterosexual","asian","master",20000,"widowed",6,"no",3333
16,"acknowledging",4,45,"male","nonbinary","heterosexual","asian","master",20000,"widowed",6,"no",3333
16,"value_affirmation",5,45,"male","nonbinary","heterosexual","asian","master",20000,"widowed",6,"no",3333
16,"norms",7,45,"male","nonbinary","heterosexual","asian","master",20000,"widowed",6,"no",3333
17,"legitimizing",2,21,"female","nonbinary","heterosexual","hispanic","master",60000,"single",4,"yes",15000
17,"caring_supportive",2,21,"female","nonbinary","heterosexual","hispanic","master",60000,"single",4,"yes",15000
17,"self_efficacy",3,21,"female","nonbinary","heterosexual","hispanic","master",60000,"single",4,"yes",15000
17,"acknowledging",4,21,"female","nonbinary","heterosexual","hispanic","master",60000,"single",4,"yes",15000
17,"value_affirmation",5,21,"female","nonbinary","heterosexual","hispanic","master",60000,"single",4,"yes",15000
17,"norms",6,21,"female","nonbinary","heterosexual","hispanic","master",60000,"single",4,"yes",15000
18,"legitimizing",1,43,"male","man","bisexual","black","master",1e+05,"married",3,"no",33333
18,"caring_supportive",2,43,"male","man","bisexual","black","master",1e+05,"married",3,"no",33333
18,"self_efficacy",3,43,"male","man","bisexual","black","master",1e+05,"married",3,"no",33333
18,"acknowledging",4,43,"male","man","bisexual","black","master",1e+05,"married",3,"no",33333
18,"value_affirmation",5,43,"male","man","bisexual","black","master",1e+05,"married",3,"no",33333
18,"norms",7,43,"male","man","bisexual","black","master",1e+05,"married",3,"no",33333
19,"legitimizing",2,32,"female","nonbinary","heterosexual","white","phd",60000,"divorced",6,"yes",10000
19,"caring_supportive",2,32,"female","nonbinary","heterosexual","white","phd",60000,"divorced",6,"yes",10000
19,"self_efficacy",3,32,"female","nonbinary","heterosexual","white","phd",60000,"divorced",6,"yes",10000
19,"acknowledging",4,32,"female","nonbinary","heterosexual","white","phd",60000,"divorced",6,"yes",10000
19,"value_affirmation",5,32,"female","nonbinary","heterosexual","white","phd",60000,"divorced",6,"yes",10000
19,"norms",6,32,"female","nonbinary","heterosexual","white","phd",60000,"divorced",6,"yes",10000
20,"legitimizing",1,57,"male","man","other","other","bachelor",80000,"married",4,"no",20000
20,"caring_supportive",2,57,"male","man","other","other","bachelor",80000,"married",4,"no",20000
20,"self_efficacy",3,57,"male","man","other","other","bachelor",80000,"married",4,"no",20000
20,"acknowledging",4,57,"male","man","other","other","bachelor",80000,"married",4,"no",20000
20,"value_affirmation",5,57,"male","man","other","other","bachelor",80000,"married",4,"no",20000
20,"norms",7,57,"male","man","other","other","bachelor",80000,"married",4,"no",20000
21,"legitimizing",2,63,"female","man","bisexual","white","high_school",60000,"widowed",1,"no",60000
21,"caring_supportive",2,63,"female","man","bisexual","white","high_school",60000,"widowed",1,"no",60000
21,"self_efficacy",3,63,"female","man","bisexual","white","high_school",60000,"widowed",1,"no",60000
21,"acknowledging",4,63,"female","man","bisexual","white","high_school",60000,"widowed",1,"no",60000
21,"value_affirmation",5,63,"female","man","bisexual","white","high_school",60000,"widowed",1,"no",60000
21,"norms",6,63,"female","man","bisexual","white","high_school",60000,"widowed",1,"no",60000
22,"legitimizing",1,20,"male","woman","heterosexual","asian","phd",40000,"single",6,"yes",6666
22,"caring_supportive",2,20,"male","woman","heterosexual","asian","phd",40000,"single",6,"yes",6666
22,"self_efficacy",3,20,"male","woman","heterosexual","asian","phd",40000,"single",6,"yes",6666
22,"acknowledging",4,20,"male","woman","heterosexual","asian","phd",40000,"single",6,"yes",6666
22,"value_affirmation",5,20,"male","woman","heterosexual","asian","phd",40000,"single",6,"yes",6666
22,"norms",7,20,"male","woman","heterosexual","asian","phd",40000,"single",6,"yes",6666
23,"legitimizing",2,19,"female","man","bisexual","white","phd",20000,"widowed",5,"yes",4000
23,"caring_supportive",2,19,"female","man","bisexual","white","phd",20000,"widowed",5,"yes",4000
23,"self_efficacy",3,19,"female","man","bisexual","white","phd",20000,"widowed",5,"yes",4000
23,"acknowledging",5,19,"female","man","bisexual","white","phd",20000,"widowed",5,"yes",4000
23,"value_affirmation",5,19,"female","man","bisexual","white","phd",20000,"widowed",5,"yes",4000
23,"norms",6,19,"female","man","bisexual","white","phd",20000,"widowed",5,"yes",4000
24,"legitimizing",1,27,"male","man","heterosexual","hispanic","high_school",40000,"divorced",6,"yes",6666
24,"caring_supportive",2,27,"male","man","heterosexual","hispanic","high_school",40000,"divorced",6,"yes",6666
24,"self_efficacy",3,27,"male","man","heterosexual","hispanic","high_school",40000,"divorced",6,"yes",6666
24,"acknowledging",3,27,"male","man","heterosexual","hispanic","high_school",40000,"divorced",6,"yes",6666
24,"value_affirmation",6,27,"male","man","heterosexual","hispanic","high_school",40000,"divorced",6,"yes",6666
24,"norms",7,27,"male","man","heterosexual","hispanic","high_school",40000,"divorced",6,"yes",6666
25,"legitimizing",2,34,"female","woman","bisexual","other","bachelor",40000,"divorced",5,"no",8000
25,"caring_supportive",2,34,"female","woman","bisexual","other","bachelor",40000,"divorced",5,"no",8000
25,"self_efficacy",3,34,"female","woman","bisexual","other","bachelor",40000,"divorced",5,"no",8000
25,"acknowledging",4,34,"female","woman","bisexual","other","bachelor",40000,"divorced",5,"no",8000
25,"value_affirmation",5,34,"female","woman","bisexual","other","bachelor",40000,"divorced",5,"no",8000
25,"norms",5,34,"female","woman","bisexual","other","bachelor",40000,"divorced",5,"no",8000
26,"legitimizing",1,46,"male","man","bisexual","asian","bachelor",20000,"divorced",5,"no",4000
26,"caring_supportive",2,46,"male","man","bisexual","asian","bachelor",20000,"divorced",5,"no",4000
26,"self_efficacy",3,46,"male","man","bisexual","asian","bachelor",20000,"divorced",5,"no",4000
26,"acknowledging",4,46,"male","man","bisexual","asian","bachelor",20000,"divorced",5,"no",4000
26,"value_affirmation",5,46,"male","man","bisexual","asian","bachelor",20000,"divorced",5,"no",4000
26,"norms",6,46,"male","man","bisexual","asian","bachelor",20000,"divorced",5,"no",4000
27,"legitimizing",1,21,"male","woman","other","asian","phd",60000,"married",5,"no",12000
27,"caring_supportive",2,21,"male","woman","other","asian","phd",60000,"married",5,"no",12000
27,"self_efficacy",3,21,"male","woman","other","asian","phd",60000,"married",5,"no",12000
27,"acknowledging",4,21,"male","woman","other","asian","phd",60000,"married",5,"no",12000
27,"value_affirmation",5,21,"male","woman","other","asian","phd",60000,"married",5,"no",12000
27,"norms",6,21,"male","woman","other","asian","phd",60000,"married",5,"no",12000
28,"legitimizing",2,58,"female","woman","other","asian","master",40000,"married",3,"no",13333
28,"caring_supportive",2,58,"female","woman","other","asian","master",40000,"married",3,"no",13333
28,"self_efficacy",3,58,"female","woman","other","asian","master",40000,"married",3,"no",13333
28,"acknowledging",4,58,"female","woman","other","asian","master",40000,"married",3,"no",13333
28,"value_affirmation",5,58,"female","woman","other","asian","master",40000,"married",3,"no",13333
28,"norms",6,58,"female","woman","other","asian","master",40000,"married",3,"no",13333
29,"legitimizing",2,36,"female","man","heterosexual","black","high_school",1e+05,"single",5,"no",20000
29,"caring_supportive",3,36,"female","man","heterosexual","black","high_school",1e+05,"single",5,"no",20000
29,"self_efficacy",3,36,"female","man","heterosexual","black","high_school",1e+05,"single",5,"no",20000
29,"acknowledging",4,36,"female","man","heterosexual","black","high_school",1e+05,"single",5,"no",20000
29,"value_affirmation",5,36,"female","man","heterosexual","black","high_school",1e+05,"single",5,"no",20000
29,"norms",5,36,"female","man","heterosexual","black","high_school",1e+05,"single",5,"no",20000
30,"legitimizing",2,48,"female","woman","gay/lesbian","white","master",20000,"divorced",2,"yes",10000
30,"caring_supportive",2,48,"female","woman","gay/lesbian","white","master",20000,"divorced",2,"yes",10000
30,"self_efficacy",3,48,"female","woman","gay/lesbian","white","master",20000,"divorced",2,"yes",10000
30,"acknowledging",4,48,"female","woman","gay/lesbian","white","master",20000,"divorced",2,"yes",10000
30,"value_affirmation",5,48,"female","woman","gay/lesbian","white","master",20000,"divorced",2,"yes",10000
30,"norms",6,48,"female","woman","gay/lesbian","white","master",20000,"divorced",2,"yes",10000
31,"legitimizing",1,33,"male","woman","other","black","master",80000,"widowed",3,"no",26666
31,"caring_supportive",2,33,"male","woman","other","black","master",80000,"widowed",3,"no",26666
31,"self_efficacy",3,33,"male","woman","other","black","master",80000,"widowed",3,"no",26666
31,"acknowledging",3,33,"male","woman","other","black","master",80000,"widowed",3,"no",26666
31,"value_affirmation",5,33,"male","woman","other","black","master",80000,"widowed",3,"no",26666
31,"norms",7,33,"male","woman","other","black","master",80000,"widowed",3,"no",26666
32,"legitimizing",2,60,"female","man","other","white","high_school",1e+05,"single",1,"yes",100000
32,"caring_supportive",2,60,"female","man","other","white","high_school",1e+05,"single",1,"yes",100000
32,"self_efficacy",3,60,"female","man","other","white","high_school",1e+05,"single",1,"yes",100000
32,"acknowledging",4,60,"female","man","other","white","high_school",1e+05,"single",1,"yes",100000
32,"value_affirmation",5,60,"female","man","other","white","high_school",1e+05,"single",1,"yes",100000
32,"norms",6,60,"female","man","other","white","high_school",1e+05,"single",1,"yes",100000
33,"legitimizing",1,28,"male","man","heterosexual","hispanic","phd",1e+05,"divorced",6,"no",16666
33,"caring_supportive",2,28,"male","man","heterosexual","hispanic","phd",1e+05,"divorced",6,"no",16666
33,"self_efficacy",3,28,"male","man","heterosexual","hispanic","phd",1e+05,"divorced",6,"no",16666
33,"acknowledging",4,28,"male","man","heterosexual","hispanic","phd",1e+05,"divorced",6,"no",16666
33,"value_affirmation",5,28,"male","man","heterosexual","hispanic","phd",1e+05,"divorced",6,"no",16666
33,"norms",7,28,"male","man","heterosexual","hispanic","phd",1e+05,"divorced",6,"no",16666
34,"legitimizing",1,26,"male","woman","gay/lesbian","white","phd",60000,"widowed",2,"yes",30000
34,"caring_supportive",2,26,"male","woman","gay/lesbian","white","phd",60000,"widowed",2,"yes",30000
34,"self_efficacy",2,26,"male","woman","gay/lesbian","white","phd",60000,"widowed",2,"yes",30000
34,"acknowledging",4,26,"male","woman","gay/lesbian","white","phd",60000,"widowed",2,"yes",30000
34,"value_affirmation",5,26,"male","woman","gay/lesbian","white","phd",60000,"widowed",2,"yes",30000
34,"norms",7,26,"male","woman","gay/lesbian","white","phd",60000,"widowed",2,"yes",30000
35,"legitimizing",2,37,"female","man","other","white","bachelor",80000,"single",2,"yes",40000
35,"caring_supportive",2,37,"female","man","other","white","bachelor",80000,"single",2,"yes",40000
35,"self_efficacy",3,37,"female","man","other","white","bachelor",80000,"single",2,"yes",40000
35,"acknowledging",4,37,"female","man","other","white","bachelor",80000,"single",2,"yes",40000
35,"value_affirmation",5,37,"female","man","other","white","bachelor",80000,"single",2,"yes",40000
35,"norms",6,37,"female","man","other","white","bachelor",80000,"single",2,"yes",40000
36,"legitimizing",1,53,"male","man","heterosexual","hispanic","master",1e+05,"single",1,"yes",100000
36,"caring_supportive",2,53,"male","man","heterosexual","hispanic","master",1e+05,"single",1,"yes",100000
36,"self_efficacy",2,53,"male","man","heterosexual","hispanic","master",1e+05,"single",1,"yes",100000
36,"acknowledging",4,53,"male","man","heterosexual","hispanic","master",1e+05,"single",1,"yes",100000
36,"value_affirmation",5,53,"male","man","heterosexual","hispanic","master",1e+05,"single",1,"yes",100000
36,"norms",7,53,"male","man","heterosexual","hispanic","master",1e+05,"single",1,"yes",100000
37,"legitimizing",2,58,"female","nonbinary","bisexual","white","bachelor",40000,"widowed",6,"yes",6666
37,"caring_supportive",3,58,"female","nonbinary","bisexual","white","bachelor",40000,"widowed",6,"yes",6666
37,"self_efficacy",3,58,"female","nonbinary","bisexual","white","bachelor",40000,"widowed",6,"yes",6666
37,"acknowledging",4,58,"female","nonbinary","bisexual","white","bachelor",40000,"widowed",6,"yes",6666
37,"value_affirmation",5,58,"female","nonbinary","bisexual","white","bachelor",40000,"widowed",6,"yes",6666
37,"norms",5,58,"female","nonbinary","bisexual","white","bachelor",40000,"widowed",6,"yes",6666
38,"legitimizing",2,41,"female","woman","gay/lesbian","hispanic","high_school",1e+05,"divorced",4,"no",25000
38,"caring_supportive",2,41,"female","woman","gay/lesbian","hispanic","high_school",1e+05,"divorced",4,"no",25000
38,"self_efficacy",3,41,"female","woman","gay/lesbian","hispanic","high_school",1e+05,"divorced",4,"no",25000
38,"acknowledging",4,41,"female","woman","gay/lesbian","hispanic","high_school",1e+05,"divorced",4,"no",25000
38,"value_affirmation",5,41,"female","woman","gay/lesbian","hispanic","high_school",1e+05,"divorced",4,"no",25000
38,"norms",6,41,"female","woman","gay/lesbian","hispanic","high_school",1e+05,"divorced",4,"no",25000
39,"legitimizing",2,27,"female","nonbinary","other","black","master",1e+05,"widowed",2,"yes",50000
39,"caring_supportive",2,27,"female","nonbinary","other","black","master",1e+05,"widowed",2,"yes",50000
39,"self_efficacy",3,27,"female","nonbinary","other","black","master",1e+05,"widowed",2,"yes",50000
39,"acknowledging",4,27,"female","nonbinary","other","black","master",1e+05,"widowed",2,"yes",50000
39,"value_affirmation",5,27,"female","nonbinary","other","black","master",1e+05,"widowed",2,"yes",50000
39,"norms",6,27,"female","nonbinary","other","black","master",1e+05,"widowed",2,"yes",50000
40,"legitimizing",1,31,"male","man","heterosexual","hispanic","high_school",20000,"divorced",3,"no",6666
40,"caring_supportive",2,31,"male","man","heterosexual","hispanic","high_school",20000,"divorced",3,"no",6666
40,"self_efficacy",3,31,"male","man","heterosexual","hispanic","high_school",20000,"divorced",3,"no",6666
40,"acknowledging",4,31,"male","man","heterosexual","hispanic","high_school",20000,"divorced",3,"no",6666
40,"value_affirmation",5,31,"male","man","heterosexual","hispanic","high_school",20000,"divorced",3,"no",6666
40,"norms",7,31,"male","man","heterosexual","hispanic","high_school",20000,"divorced",3,"no",6666
41,"legitimizing",1,45,"male","man","gay/lesbian","hispanic","high_school",20000,"divorced",1,"yes",20000
41,"caring_supportive",2,45,"male","man","gay/lesbian","hispanic","high_school",20000,"divorced",1,"yes",20000
41,"self_efficacy",3,45,"male","man","gay/lesbian","hispanic","high_school",20000,"divorced",1,"yes",20000
41,"acknowledging",4,45,"male","man","gay/lesbian","hispanic","high_school",20000,"divorced",1,"yes",20000
41,"value_affirmation",5,45,"male","man","gay/lesbian","hispanic","high_school",20000,"divorced",1,"yes",20000
41,"norms",7,45,"male","man","gay/lesbian","hispanic","high_school",20000,"divorced",1,"yes",20000
42,"legitimizing",2,42,"female","man","other","hispanic","master",20000,"single",5,"no",4000
42,"caring_supportive",2,42,"female","man","other","hispanic","master",20000,"single",5,"no",4000
42,"self_efficacy",3,42,"female","man","other","hispanic","master",20000,"single",5,"no",4000
42,"acknowledging",4,42,"female","man","other","hispanic","master",20000,"single",5,"no",4000
42,"value_affirmation",5,42,"female","man","other","hispanic","master",20000,"single",5,"no",4000
42,"norms",5,42,"female","man","other","hispanic","master",20000,"single",5,"no",4000
43,"legitimizing",1,23,"male","woman","other","white","phd",40000,"widowed",5,"no",8000
43,"caring_supportive",2,23,"male","woman","other","white","phd",40000,"widowed",5,"no",8000
43,"self_efficacy",3,23,"male","woman","other","white","phd",40000,"widowed",5,"no",8000
43,"acknowledging",4,23,"male","woman","other","white","phd",40000,"widowed",5,"no",8000
43,"value_affirmation",5,23,"male","woman","other","white","phd",40000,"widowed",5,"no",8000
43,"norms",7,23,"male","woman","other","white","phd",40000,"widowed",5,"no",8000
44,"legitimizing",1,21,"male","nonbinary","bisexual","hispanic","master",1e+05,"single",3,"yes",33333
44,"caring_supportive",2,21,"male","nonbinary","bisexual","hispanic","master",1e+05,"single",3,"yes",33333
44,"self_efficacy",3,21,"male","nonbinary","bisexual","hispanic","master",1e+05,"single",3,"yes",33333
44,"acknowledging",4,21,"male","nonbinary","bisexual","hispanic","master",1e+05,"single",3,"yes",33333
44,"value_affirmation",5,21,"male","nonbinary","bisexual","hispanic","master",1e+05,"single",3,"yes",33333
44,"norms",7,21,"male","nonbinary","bisexual","hispanic","master",1e+05,"single",3,"yes",33333
45,"legitimizing",1,22,"male","woman","other","asian","bachelor",1e+05,"married",6,"no",16666
45,"caring_supportive",2,22,"male","woman","other","asian","bachelor",1e+05,"married",6,"no",16666
45,"self_efficacy",3,22,"male","woman","other","asian","bachelor",1e+05,"married",6,"no",16666
45,"acknowledging",4,22,"male","woman","other","asian","bachelor",1e+05,"married",6,"no",16666
45,"value_affirmation",5,22,"male","woman","other","asian","bachelor",1e+05,"married",6,"no",16666
45,"norms",7,22,"male","woman","other","asian","bachelor",1e+05,"married",6,"no",16666
46,"legitimizing",1,64,"male","nonbinary","gay/lesbian","white","bachelor",1e+05,"widowed",2,"no",50000
46,"caring_supportive",2,64,"male","nonbinary","gay/lesbian","white","bachelor",1e+05,"widowed",2,"no",50000
46,"self_efficacy",3,64,"male","nonbinary","gay/lesbian","white","bachelor",1e+05,"widowed",2,"no",50000
46,"acknowledging",4,64,"male","nonbinary","gay/lesbian","white","bachelor",1e+05,"widowed",2,"no",50000
46,"value_affirmation",5,64,"male","nonbinary","gay/lesbian","white","bachelor",1e+05,"widowed",2,"no",50000
46,"norms",6,64,"male","nonbinary","gay/lesbian","white","bachelor",1e+05,"widowed",2,"no",50000
47,"legitimizing",2,53,"female","woman","other","other","phd",20000,"widowed",2,"no",10000
47,"caring_supportive",2,53,"female","woman","other","other","phd",20000,"widowed",2,"no",10000
47,"self_efficacy",3,53,"female","woman","other","other","phd",20000,"widowed",2,"no",10000
47,"acknowledging",3,53,"female","woman","other","other","phd",20000,"widowed",2,"no",10000
47,"value_affirmation",5,53,"female","woman","other","other","phd",20000,"widowed",2,"no",10000
47,"norms",5,53,"female","woman","other","other","phd",20000,"widowed",2,"no",10000
48,"legitimizing",2,60,"female","nonbinary","gay/lesbian","black","high_school",60000,"married",5,"no",12000
48,"caring_supportive",2,60,"female","nonbinary","gay/lesbian","black","high_school",60000,"married",5,"no",12000
48,"self_efficacy",4,60,"female","nonbinary","gay/lesbian","black","high_school",60000,"married",5,"no",12000
48,"acknowledging",4,60,"female","nonbinary","gay/lesbian","black","high_school",60000,"married",5,"no",12000
48,"value_affirmation",5,60,"female","nonbinary","gay/lesbian","black","high_school",60000,"married",5,"no",12000
48,"norms",6,60,"female","nonbinary","gay/lesbian","black","high_school",60000,"married",5,"no",12000
49,"legitimizing",2,47,"female","nonbinary","gay/lesbian","hispanic","phd",60000,"single",1,"yes",60000
49,"caring_supportive",2,47,"female","nonbinary","gay/lesbian","hispanic","phd",60000,"single",1,"yes",60000
49,"self_efficacy",3,47,"female","nonbinary","gay/lesbian","hispanic","phd",60000,"single",1,"yes",60000
49,"acknowledging",3,47,"female","nonbinary","gay/lesbian","hispanic","phd",60000,"single",1,"yes",60000
49,"value_affirmation",4,47,"female","nonbinary","gay/lesbian","hispanic","phd",60000,"single",1,"yes",60000
49,"norms",6,47,"female","nonbinary","gay/lesbian","hispanic","phd",60000,"single",1,"yes",60000
50,"legitimizing",2,23,"female","nonbinary","gay/lesbian","other","bachelor",20000,"widowed",1,"yes",20000
50,"caring_supportive",2,23,"female","nonbinary","gay/lesbian","other","bachelor",20000,"widowed",1,"yes",20000
50,"self_efficacy",3,23,"female","nonbinary","gay/lesbian","other","bachelor",20000,"widowed",1,"yes",20000
50,"acknowledging",4,23,"female","nonbinary","gay/lesbian","other","bachelor",20000,"widowed",1,"yes",20000
50,"value_affirmation",5,23,"female","nonbinary","gay/lesbian","other","bachelor",20000,"widowed",1,"yes",20000
50,"norms",6,23,"female","nonbinary","gay/lesbian","other","bachelor",20000,"widowed",1,"yes",20000
51,"legitimizing",1,32,"male","woman","bisexual","other","bachelor",20000,"married",1,"yes",20000
51,"caring_supportive",2,32,"male","woman","bisexual","other","bachelor",20000,"married",1,"yes",20000
51,"self_efficacy",3,32,"male","woman","bisexual","other","bachelor",20000,"married",1,"yes",20000
51,"acknowledging",4,32,"male","woman","bisexual","other","bachelor",20000,"married",1,"yes",20000
51,"value_affirmation",5,32,"male","woman","bisexual","other","bachelor",20000,"married",1,"yes",20000
51,"norms",7,32,"male","woman","bisexual","other","bachelor",20000,"married",1,"yes",20000
52,"legitimizing",1,62,"female","nonbinary","gay/lesbian","black","phd",40000,"single",2,"yes",20000
52,"caring_supportive",2,62,"female","nonbinary","gay/lesbian","black","phd",40000,"single",2,"yes",20000
52,"self_efficacy",3,62,"female","nonbinary","gay/lesbian","black","phd",40000,"single",2,"yes",20000
52,"acknowledging",4,62,"female","nonbinary","gay/lesbian","black","phd",40000,"single",2,"yes",20000
52,"value_affirmation",5,62,"female","nonbinary","gay/lesbian","black","phd",40000,"single",2,"yes",20000
52,"norms",5,62,"female","nonbinary","gay/lesbian","black","phd",40000,"single",2,"yes",20000
53,"legitimizing",1,63,"male","nonbinary","heterosexual","white","phd",40000,"single",1,"no",40000
53,"caring_supportive",2,63,"male","nonbinary","heterosexual","white","phd",40000,"single",1,"no",40000
53,"self_efficacy",3,63,"male","nonbinary","heterosexual","white","phd",40000,"single",1,"no",40000
53,"acknowledging",4,63,"male","nonbinary","heterosexual","white","phd",40000,"single",1,"no",40000
53,"value_affirmation",5,63,"male","nonbinary","heterosexual","white","phd",40000,"single",1,"no",40000
53,"norms",7,63,"male","nonbinary","heterosexual","white","phd",40000,"single",1,"no",40000
54,"legitimizing",1,20,"female","woman","other","white","phd",40000,"divorced",1,"no",40000
54,"caring_supportive",2,20,"female","woman","other","white","phd",40000,"divorced",1,"no",40000
54,"self_efficacy",3,20,"female","woman","other","white","phd",40000,"divorced",1,"no",40000
54,"acknowledging",4,20,"female","woman","other","white","phd",40000,"divorced",1,"no",40000
54,"value_affirmation",5,20,"female","woman","other","white","phd",40000,"divorced",1,"no",40000
54,"norms",6,20,"female","woman","other","white","phd",40000,"divorced",1,"no",40000
55,"legitimizing",2,38,"female","man","heterosexual","white","phd",80000,"married",5,"no",16000
55,"caring_supportive",2,38,"female","man","heterosexual","white","phd",80000,"married",5,"no",16000
55,"self_efficacy",3,38,"female","man","heterosexual","white","phd",80000,"married",5,"no",16000
55,"acknowledging",4,38,"female","man","heterosexual","white","phd",80000,"married",5,"no",16000
55,"value_affirmation",5,38,"female","man","heterosexual","white","phd",80000,"married",5,"no",16000
55,"norms",6,38,"female","man","heterosexual","white","phd",80000,"married",5,"no",16000
56,"legitimizing",2,59,"female","man","heterosexual","asian","bachelor",80000,"married",5,"yes",16000
56,"caring_supportive",2,59,"female","man","heterosexual","asian","bachelor",80000,"married",5,"yes",16000
56,"self_efficacy",3,59,"female","man","heterosexual","asian","bachelor",80000,"married",5,"yes",16000
56,"acknowledging",4,59,"female","man","heterosexual","asian","bachelor",80000,"married",5,"yes",16000
56,"value_affirmation",5,59,"female","man","heterosexual","asian","bachelor",80000,"married",5,"yes",16000
56,"norms",6,59,"female","man","heterosexual","asian","bachelor",80000,"married",5,"yes",16000
57,"legitimizing",2,65,"female","nonbinary","bisexual","other","master",60000,"divorced",2,"yes",30000
57,"caring_supportive",2,65,"female","nonbinary","bisexual","other","master",60000,"divorced",2,"yes",30000
57,"self_efficacy",3,65,"female","nonbinary","bisexual","other","master",60000,"divorced",2,"yes",30000
57,"acknowledging",5,65,"female","nonbinary","bisexual","other","master",60000,"divorced",2,"yes",30000
57,"value_affirmation",4,65,"female","nonbinary","bisexual","other","master",60000,"divorced",2,"yes",30000
57,"norms",6,65,"female","nonbinary","bisexual","other","master",60000,"divorced",2,"yes",30000
58,"legitimizing",1,33,"male","man","heterosexual","black","phd",60000,"divorced",6,"yes",10000
58,"caring_supportive",2,33,"male","man","heterosexual","black","phd",60000,"divorced",6,"yes",10000
58,"self_efficacy",4,33,"male","man","heterosexual","black","phd",60000,"divorced",6,"yes",10000
58,"acknowledging",4,33,"male","man","heterosexual","black","phd",60000,"divorced",6,"yes",10000
58,"value_affirmation",5,33,"male","man","heterosexual","black","phd",60000,"divorced",6,"yes",10000
58,"norms",7,33,"male","man","heterosexual","black","phd",60000,"divorced",6,"yes",10000
59,"legitimizing",2,55,"female","nonbinary","heterosexual","other","high_school",20000,"married",3,"yes",6666
59,"caring_supportive",2,55,"female","nonbinary","heterosexual","other","high_school",20000,"married",3,"yes",6666
59,"self_efficacy",3,55,"female","nonbinary","heterosexual","other","high_school",20000,"married",3,"yes",6666
59,"acknowledging",4,55,"female","nonbinary","heterosexual","other","high_school",20000,"married",3,"yes",6666
59,"value_affirmation",5,55,"female","nonbinary","heterosexual","other","high_school",20000,"married",3,"yes",6666
59,"norms",6,55,"female","nonbinary","heterosexual","other","high_school",20000,"married",3,"yes",6666
60,"legitimizing",2,64,"female","nonbinary","other","asian","bachelor",80000,"married",6,"no",13333
60,"caring_supportive",1,64,"female","nonbinary","other","asian","bachelor",80000,"married",6,"no",13333
60,"self_efficacy",3,64,"female","nonbinary","other","asian","bachelor",80000,"married",6,"no",13333
60,"acknowledging",3,64,"female","nonbinary","other","asian","bachelor",80000,"married",6,"no",13333
60,"value_affirmation",6,64,"female","nonbinary","other","asian","bachelor",80000,"married",6,"no",13333
60,"norms",6,64,"female","nonbinary","other","asian","bachelor",80000,"married",6,"no",13333
61,"legitimizing",1,40,"male","nonbinary","heterosexual","black","phd",60000,"divorced",1,"yes",60000
61,"caring_supportive",2,40,"male","nonbinary","heterosexual","black","phd",60000,"divorced",1,"yes",60000
61,"self_efficacy",3,40,"male","nonbinary","heterosexual","black","phd",60000,"divorced",1,"yes",60000
61,"acknowledging",4,40,"male","nonbinary","heterosexual","black","phd",60000,"divorced",1,"yes",60000
61,"value_affirmation",6,40,"male","nonbinary","heterosexual","black","phd",60000,"divorced",1,"yes",60000
61,"norms",7,40,"male","nonbinary","heterosexual","black","phd",60000,"divorced",1,"yes",60000
62,"legitimizing",1,28,"male","man","gay/lesbian","asian","high_school",80000,"divorced",6,"yes",13333
62,"caring_supportive",3,28,"male","man","gay/lesbian","asian","high_school",80000,"divorced",6,"yes",13333
62,"self_efficacy",3,28,"male","man","gay/lesbian","asian","high_school",80000,"divorced",6,"yes",13333
62,"acknowledging",4,28,"male","man","gay/lesbian","asian","high_school",80000,"divorced",6,"yes",13333
62,"value_affirmation",5,28,"male","man","gay/lesbian","asian","high_school",80000,"divorced",6,"yes",13333
62,"norms",7,28,"male","man","gay/lesbian","asian","high_school",80000,"divorced",6,"yes",13333
63,"legitimizing",1,19,"male","woman","bisexual","white","bachelor",80000,"single",6,"no",13333
63,"caring_supportive",2,19,"male","woman","bisexual","white","bachelor",80000,"single",6,"no",13333
63,"self_efficacy",3,19,"male","woman","bisexual","white","bachelor",80000,"single",6,"no",13333
63,"acknowledging",3,19,"male","woman","bisexual","white","bachelor",80000,"single",6,"no",13333
63,"value_affirmation",5,19,"male","woman","bisexual","white","bachelor",80000,"single",6,"no",13333
63,"norms",7,19,"male","woman","bisexual","white","bachelor",80000,"single",6,"no",13333
64,"legitimizing",1,46,"male","woman","bisexual","asian","high_school",60000,"widowed",2,"no",30000
64,"caring_supportive",2,46,"male","woman","bisexual","asian","high_school",60000,"widowed",2,"no",30000
64,"self_efficacy",3,46,"male","woman","bisexual","asian","high_school",60000,"widowed",2,"no",30000
64,"acknowledging",4,46,"male","woman","bisexual","asian","high_school",60000,"widowed",2,"no",30000
64,"value_affirmation",5,46,"male","woman","bisexual","asian","high_school",60000,"widowed",2,"no",30000
64,"norms",7,46,"male","woman","bisexual","asian","high_school",60000,"widowed",2,"no",30000
65,"legitimizing",2,56,"female","woman","other","black","high_school",40000,"widowed",4,"yes",10000
65,"caring_supportive",2,56,"female","woman","other","black","high_school",40000,"widowed",4,"yes",10000
65,"self_efficacy",3,56,"female","woman","other","black","high_school",40000,"widowed",4,"yes",10000
65,"acknowledging",4,56,"female","woman","other","black","high_school",40000,"widowed",4,"yes",10000
65,"value_affirmation",5,56,"female","woman","other","black","high_school",40000,"widowed",4,"yes",10000
65,"norms",6,56,"female","woman","other","black","high_school",40000,"widowed",4,"yes",10000
66,"legitimizing",2,47,"female","woman","gay/lesbian","other","bachelor",40000,"married",1,"no",40000
66,"caring_supportive",2,47,"female","woman","gay/lesbian","other","bachelor",40000,"married",1,"no",40000
66,"self_efficacy",3,47,"female","woman","gay/lesbian","other","bachelor",40000,"married",1,"no",40000
66,"acknowledging",4,47,"female","woman","gay/lesbian","other","bachelor",40000,"married",1,"no",40000
66,"value_affirmation",5,47,"female","woman","gay/lesbian","other","bachelor",40000,"married",1,"no",40000
66,"norms",6,47,"female","woman","gay/lesbian","other","bachelor",40000,"married",1,"no",40000
67,"legitimizing",2,35,"female","nonbinary","gay/lesbian","black","phd",60000,"married",3,"yes",20000
67,"caring_supportive",2,35,"female","nonbinary","gay/lesbian","black","phd",60000,"married",3,"yes",20000
67,"self_efficacy",3,35,"female","nonbinary","gay/lesbian","black","phd",60000,"married",3,"yes",20000
67,"acknowledging",4,35,"female","nonbinary","gay/lesbian","black","phd",60000,"married",3,"yes",20000
67,"value_affirmation",5,35,"female","nonbinary","gay/lesbian","black","phd",60000,"married",3,"yes",20000
67,"norms",6,35,"female","nonbinary","gay/lesbian","black","phd",60000,"married",3,"yes",20000
68,"legitimizing",2,50,"female","woman","gay/lesbian","hispanic","bachelor",40000,"divorced",4,"no",10000
68,"caring_supportive",2,50,"female","woman","gay/lesbian","hispanic","bachelor",40000,"divorced",4,"no",10000
68,"self_efficacy",2,50,"female","woman","gay/lesbian","hispanic","bachelor",40000,"divorced",4,"no",10000
68,"acknowledging",4,50,"female","woman","gay/lesbian","hispanic","bachelor",40000,"divorced",4,"no",10000
68,"value_affirmation",6,50,"female","woman","gay/lesbian","hispanic","bachelor",40000,"divorced",4,"no",10000
68,"norms",6,50,"female","woman","gay/lesbian","hispanic","bachelor",40000,"divorced",4,"no",10000
69,"legitimizing",2,26,"female","man","bisexual","hispanic","phd",1e+05,"married",5,"no",20000
69,"caring_supportive",2,26,"female","man","bisexual","hispanic","phd",1e+05,"married",5,"no",20000
69,"self_efficacy",3,26,"female","man","bisexual","hispanic","phd",1e+05,"married",5,"no",20000
69,"acknowledging",4,26,"female","man","bisexual","hispanic","phd",1e+05,"married",5,"no",20000
69,"value_affirmation",5,26,"female","man","bisexual","hispanic","phd",1e+05,"married",5,"no",20000
69,"norms",5,26,"female","man","bisexual","hispanic","phd",1e+05,"married",5,"no",20000
70,"legitimizing",1,44,"male","man","bisexual","black","bachelor",20000,"single",2,"yes",10000
70,"caring_supportive",2,44,"male","man","bisexual","black","bachelor",20000,"single",2,"yes",10000
70,"self_efficacy",3,44,"male","man","bisexual","black","bachelor",20000,"single",2,"yes",10000
70,"acknowledging",4,44,"male","man","bisexual","black","bachelor",20000,"single",2,"yes",10000
70,"value_affirmation",5,44,"male","man","bisexual","black","bachelor",20000,"single",2,"yes",10000
70,"norms",6,44,"male","man","bisexual","black","bachelor",20000,"single",2,"yes",10000
71,"legitimizing",1,36,"male","man","gay/lesbian","asian","high_school",60000,"single",4,"yes",15000
71,"caring_supportive",2,36,"male","man","gay/lesbian","asian","high_school",60000,"single",4,"yes",15000
71,"self_efficacy",3,36,"male","man","gay/lesbian","asian","high_school",60000,"single",4,"yes",15000
71,"acknowledging",4,36,"male","man","gay/lesbian","asian","high_school",60000,"single",4,"yes",15000
71,"value_affirmation",6,36,"male","man","gay/lesbian","asian","high_school",60000,"single",4,"yes",15000
71,"norms",7,36,"male","man","gay/lesbian","asian","high_school",60000,"single",4,"yes",15000
72,"legitimizing",1,61,"male","nonbinary","gay/lesbian","black","master",20000,"divorced",4,"no",5000
72,"caring_supportive",2,61,"male","nonbinary","gay/lesbian","black","master",20000,"divorced",4,"no",5000
72,"self_efficacy",3,61,"male","nonbinary","gay/lesbian","black","master",20000,"divorced",4,"no",5000
72,"acknowledging",4,61,"male","nonbinary","gay/lesbian","black","master",20000,"divorced",4,"no",5000
72,"value_affirmation",5,61,"male","nonbinary","gay/lesbian","black","master",20000,"divorced",4,"no",5000
72,"norms",7,61,"male","nonbinary","gay/lesbian","black","master",20000,"divorced",4,"no",5000
73,"legitimizing",1,42,"male","nonbinary","heterosexual","hispanic","high_school",40000,"married",1,"no",40000
73,"caring_supportive",2,42,"male","nonbinary","heterosexual","hispanic","high_school",40000,"married",1,"no",40000
73,"self_efficacy",3,42,"male","nonbinary","heterosexual","hispanic","high_school",40000,"married",1,"no",40000
73,"acknowledging",4,42,"male","nonbinary","heterosexual","hispanic","high_school",40000,"married",1,"no",40000
73,"value_affirmation",5,42,"male","nonbinary","heterosexual","hispanic","high_school",40000,"married",1,"no",40000
73,"norms",7,42,"male","nonbinary","heterosexual","hispanic","high_school",40000,"married",1,"no",40000
74,"legitimizing",1,37,"female","man","other","asian","high_school",60000,"widowed",2,"yes",30000
74,"caring_supportive",1,37,"female","man","other","asian","high_school",60000,"widowed",2,"yes",30000
74,"self_efficacy",3,37,"female","man","other","asian","high_school",60000,"widowed",2,"yes",30000
74,"acknowledging",4,37,"female","man","other","asian","high_school",60000,"widowed",2,"yes",30000
74,"value_affirmation",5,37,"female","man","other","asian","high_school",60000,"widowed",2,"yes",30000
74,"norms",6,37,"female","man","other","asian","high_school",60000,"widowed",2,"yes",30000
75,"legitimizing",1,18,"male","man","bisexual","other","bachelor",40000,"single",4,"no",10000
75,"caring_supportive",1,18,"male","man","bisexual","other","bachelor",40000,"single",4,"no",10000
75,"self_efficacy",3,18,"male","man","bisexual","other","bachelor",40000,"single",4,"no",10000
75,"acknowledging",4,18,"male","man","bisexual","other","bachelor",40000,"single",4,"no",10000
75,"value_affirmation",5,18,"male","man","bisexual","other","bachelor",40000,"single",4,"no",10000
75,"norms",6,18,"male","man","bisexual","other","bachelor",40000,"single",4,"no",10000
76,"legitimizing",1,18,"female","woman","gay/lesbian","black","high_school",1e+05,"single",2,"yes",50000
76,"caring_supportive",2,18,"female","woman","gay/lesbian","black","high_school",1e+05,"single",2,"yes",50000
76,"self_efficacy",3,18,"female","woman","gay/lesbian","black","high_school",1e+05,"single",2,"yes",50000
76,"acknowledging",4,18,"female","woman","gay/lesbian","black","high_school",1e+05,"single",2,"yes",50000
76,"value_affirmation",5,18,"female","woman","gay/lesbian","black","high_school",1e+05,"single",2,"yes",50000
76,"norms",6,18,"female","woman","gay/lesbian","black","high_school",1e+05,"single",2,"yes",50000
77,"legitimizing",1,48,"female","man","bisexual","hispanic","phd",80000,"divorced",5,"yes",16000
77,"caring_supportive",2,48,"female","man","bisexual","hispanic","phd",80000,"divorced",5,"yes",16000
77,"self_efficacy",2,48,"female","man","bisexual","hispanic","phd",80000,"divorced",5,"yes",16000
77,"acknowledging",4,48,"female","man","bisexual","hispanic","phd",80000,"divorced",5,"yes",16000
77,"value_affirmation",5,48,"female","man","bisexual","hispanic","phd",80000,"divorced",5,"yes",16000
77,"norms",6,48,"female","man","bisexual","hispanic","phd",80000,"divorced",5,"yes",16000
78,"legitimizing",1,31,"male","nonbinary","gay/lesbian","other","high_school",60000,"divorced",4,"no",15000
78,"caring_supportive",2,31,"male","nonbinary","gay/lesbian","other","high_school",60000,"divorced",4,"no",15000
78,"self_efficacy",3,31,"male","nonbinary","gay/lesbian","other","high_school",60000,"divorced",4,"no",15000
78,"acknowledging",4,31,"male","nonbinary","gay/lesbian","other","high_school",60000,"divorced",4,"no",15000
78,"value_affirmation",5,31,"male","nonbinary","gay/lesbian","other","high_school",60000,"divorced",4,"no",15000
78,"norms",7,31,"male","nonbinary","gay/lesbian","other","high_school",60000,"divorced",4,"no",15000
79,"legitimizing",1,44,"male","man","heterosexual","black","bachelor",60000,"divorced",6,"yes",10000
79,"caring_supportive",2,44,"male","man","heterosexual","black","bachelor",60000,"divorced",6,"yes",10000
79,"self_efficacy",3,44,"male","man","heterosexual","black","bachelor",60000,"divorced",6,"yes",10000
79,"acknowledging",4,44,"male","man","heterosexual","black","bachelor",60000,"divorced",6,"yes",10000
79,"value_affirmation",5,44,"male","man","heterosexual","black","bachelor",60000,"divorced",6,"yes",10000
79,"norms",7,44,"male","man","heterosexual","black","bachelor",60000,"divorced",6,"yes",10000
80,"legitimizing",1,50,"male","woman","bisexual","black","high_school",40000,"widowed",3,"yes",13333
80,"caring_supportive",2,50,"male","woman","bisexual","black","high_school",40000,"widowed",3,"yes",13333
80,"self_efficacy",2,50,"male","woman","bisexual","black","high_school",40000,"widowed",3,"yes",13333
80,"acknowledging",5,50,"male","woman","bisexual","black","high_school",40000,"widowed",3,"yes",13333
80,"value_affirmation",5,50,"male","woman","bisexual","black","high_school",40000,"widowed",3,"yes",13333
80,"norms",7,50,"male","woman","bisexual","black","high_school",40000,"widowed",3,"yes",13333
81,"legitimizing",2,56,"female","nonbinary","bisexual","hispanic","phd",1e+05,"widowed",1,"yes",100000
81,"caring_supportive",2,56,"female","nonbinary","bisexual","hispanic","phd",1e+05,"widowed",1,"yes",100000
81,"self_efficacy",3,56,"female","nonbinary","bisexual","hispanic","phd",1e+05,"widowed",1,"yes",100000
81,"acknowledging",4,56,"female","nonbinary","bisexual","hispanic","phd",1e+05,"widowed",1,"yes",100000
81,"value_affirmation",5,56,"female","nonbinary","bisexual","hispanic","phd",1e+05,"widowed",1,"yes",100000
81,"norms",6,56,"female","nonbinary","bisexual","hispanic","phd",1e+05,"widowed",1,"yes",100000
82,"legitimizing",1,18,"male","nonbinary","bisexual","other","high_school",20000,"married",4,"no",5000
82,"caring_supportive",2,18,"male","nonbinary","bisexual","other","high_school",20000,"married",4,"no",5000
82,"self_efficacy",3,18,"male","nonbinary","bisexual","other","high_school",20000,"married",4,"no",5000
82,"acknowledging",4,18,"male","nonbinary","bisexual","other","high_school",20000,"married",4,"no",5000
82,"value_affirmation",5,18,"male","nonbinary","bisexual","other","high_school",20000,"married",4,"no",5000
82,"norms",6,18,"male","nonbinary","bisexual","other","high_school",20000,"married",4,"no",5000
83,"legitimizing",1,39,"female","woman","heterosexual","asian","master",80000,"widowed",5,"yes",16000
83,"caring_supportive",2,39,"female","woman","heterosexual","asian","master",80000,"widowed",5,"yes",16000
83,"self_efficacy",3,39,"female","woman","heterosexual","asian","master",80000,"widowed",5,"yes",16000
83,"acknowledging",4,39,"female","woman","heterosexual","asian","master",80000,"widowed",5,"yes",16000
83,"value_affirmation",4,39,"female","woman","heterosexual","asian","master",80000,"widowed",5,"yes",16000
83,"norms",5,39,"female","woman","heterosexual","asian","master",80000,"widowed",5,"yes",16000
84,"legitimizing",3,49,"female","man","heterosexual","other","high_school",1e+05,"single",3,"yes",33333
84,"caring_supportive",2,49,"female","man","heterosexual","other","high_school",1e+05,"single",3,"yes",33333
84,"self_efficacy",3,49,"female","man","heterosexual","other","high_school",1e+05,"single",3,"yes",33333
84,"acknowledging",4,49,"female","man","heterosexual","other","high_school",1e+05,"single",3,"yes",33333
84,"value_affirmation",5,49,"female","man","heterosexual","other","high_school",1e+05,"single",3,"yes",33333
84,"norms",6,49,"female","man","heterosexual","other","high_school",1e+05,"single",3,"yes",33333
85,"legitimizing",1,25,"male","nonbinary","heterosexual","other","master",20000,"married",5,"yes",4000
85,"caring_supportive",2,25,"male","nonbinary","heterosexual","other","master",20000,"married",5,"yes",4000
85,"self_efficacy",3,25,"male","nonbinary","heterosexual","other","master",20000,"married",5,"yes",4000
85,"acknowledging",4,25,"male","nonbinary","heterosexual","other","master",20000,"married",5,"yes",4000
85,"value_affirmation",5,25,"male","nonbinary","heterosexual","other","master",20000,"married",5,"yes",4000
85,"norms",7,25,"male","nonbinary","heterosexual","other","master",20000,"married",5,"yes",4000
86,"legitimizing",2,39,"female","man","other","black","master",80000,"single",3,"no",26666
86,"caring_supportive",2,39,"female","man","other","black","master",80000,"single",3,"no",26666
86,"self_efficacy",3,39,"female","man","other","black","master",80000,"single",3,"no",26666
86,"acknowledging",3,39,"female","man","other","black","master",80000,"single",3,"no",26666
86,"value_affirmation",5,39,"female","man","other","black","master",80000,"single",3,"no",26666
86,"norms",5,39,"female","man","other","black","master",80000,"single",3,"no",26666
87,"legitimizing",1,62,"male","nonbinary","gay/lesbian","other","master",1e+05,"widowed",4,"no",25000
87,"caring_supportive",2,62,"male","nonbinary","gay/lesbian","other","master",1e+05,"widowed",4,"no",25000
87,"self_efficacy",3,62,"male","nonbinary","gay/lesbian","other","master",1e+05,"widowed",4,"no",25000
87,"acknowledging",4,62,"male","nonbinary","gay/lesbian","other","master",1e+05,"widowed",4,"no",25000
87,"value_affirmation",5,62,"male","nonbinary","gay/lesbian","other","master",1e+05,"widowed",4,"no",25000
87,"norms",7,62,"male","nonbinary","gay/lesbian","other","master",1e+05,"widowed",4,"no",25000
88,"legitimizing",2,24,"female","nonbinary","heterosexual","other","master",20000,"married",1,"no",20000
88,"caring_supportive",2,24,"female","nonbinary","heterosexual","other","master",20000,"married",1,"no",20000
88,"self_efficacy",3,24,"female","nonbinary","heterosexual","other","master",20000,"married",1,"no",20000
88,"acknowledging",4,24,"female","nonbinary","heterosexual","other","master",20000,"married",1,"no",20000
88,"value_affirmation",5,24,"female","nonbinary","heterosexual","other","master",20000,"married",1,"no",20000
88,"norms",6,24,"female","nonbinary","heterosexual","other","master",20000,"married",1,"no",20000
89,"legitimizing",1,55,"male","nonbinary","bisexual","other","master",40000,"widowed",6,"no",6666
89,"caring_supportive",2,55,"male","nonbinary","bisexual","other","master",40000,"widowed",6,"no",6666
89,"self_efficacy",3,55,"male","nonbinary","bisexual","other","master",40000,"widowed",6,"no",6666
89,"acknowledging",4,55,"male","nonbinary","bisexual","other","master",40000,"widowed",6,"no",6666
89,"value_affirmation",5,55,"male","nonbinary","bisexual","other","master",40000,"widowed",6,"no",6666
89,"norms",7,55,"male","nonbinary","bisexual","other","master",40000,"widowed",6,"no",6666
90,"legitimizing",1,41,"male","nonbinary","other","white","master",80000,"divorced",2,"yes",40000
90,"caring_supportive",2,41,"male","nonbinary","other","white","master",80000,"divorced",2,"yes",40000
90,"self_efficacy",3,41,"male","nonbinary","other","white","master",80000,"divorced",2,"yes",40000
90,"acknowledging",4,41,"male","nonbinary","other","white","master",80000,"divorced",2,"yes",40000
90,"value_affirmation",5,41,"male","nonbinary","other","white","master",80000,"divorced",2,"yes",40000
90,"norms",7,41,"male","nonbinary","other","white","master",80000,"divorced",2,"yes",40000
91,"legitimizing",1,30,"male","woman","gay/lesbian","hispanic","master",60000,"widowed",3,"no",20000
91,"caring_supportive",2,30,"male","woman","gay/lesbian","hispanic","master",60000,"widowed",3,"no",20000
91,"self_efficacy",3,30,"male","woman","gay/lesbian","hispanic","master",60000,"widowed",3,"no",20000
91,"acknowledging",4,30,"male","woman","gay/lesbian","hispanic","master",60000,"widowed",3,"no",20000
91,"value_affirmation",5,30,"male","woman","gay/lesbian","hispanic","master",60000,"widowed",3,"no",20000
91,"norms",7,30,"male","woman","gay/lesbian","hispanic","master",60000,"widowed",3,"no",20000
92,"legitimizing",1,52,"male","woman","gay/lesbian","asian","bachelor",1e+05,"married",5,"no",20000
92,"caring_supportive",1,52,"male","woman","gay/lesbian","asian","bachelor",1e+05,"married",5,"no",20000
92,"self_efficacy",3,52,"male","woman","gay/lesbian","asian","bachelor",1e+05,"married",5,"no",20000
92,"acknowledging",4,52,"male","woman","gay/lesbian","asian","bachelor",1e+05,"married",5,"no",20000
92,"value_affirmation",5,52,"male","woman","gay/lesbian","asian","bachelor",1e+05,"married",5,"no",20000
92,"norms",7,52,"male","woman","gay/lesbian","asian","bachelor",1e+05,"married",5,"no",20000
93,"legitimizing",2,52,"female","man","bisexual","white","bachelor",20000,"divorced",4,"yes",5000
93,"caring_supportive",2,52,"female","man","bisexual","white","bachelor",20000,"divorced",4,"yes",5000
93,"self_efficacy",3,52,"female","man","bisexual","white","bachelor",20000,"divorced",4,"yes",5000
93,"acknowledging",4,52,"female","man","bisexual","white","bachelor",20000,"divorced",4,"yes",5000
93,"value_affirmation",5,52,"female","man","bisexual","white","bachelor",20000,"divorced",4,"yes",5000
93,"norms",6,52,"female","man","bisexual","white","bachelor",20000,"divorced",4,"yes",5000
94,"legitimizing",2,38,"female","woman","gay/lesbian","hispanic","high_school",40000,"single",2,"no",20000
94,"caring_supportive",2,38,"female","woman","gay/lesbian","hispanic","high_school",40000,"single",2,"no",20000
94,"self_efficacy",3,38,"female","woman","gay/lesbian","hispanic","high_school",40000,"single",2,"no",20000
94,"acknowledging",3,38,"female","woman","gay/lesbian","hispanic","high_school",40000,"single",2,"no",20000
94,"value_affirmation",5,38,"female","woman","gay/lesbian","hispanic","high_school",40000,"single",2,"no",20000
94,"norms",6,38,"female","woman","gay/lesbian","hispanic","high_school",40000,"single",2,"no",20000
95,"legitimizing",2,19,"female","man","gay/lesbian","hispanic","high_school",80000,"widowed",5,"yes",16000
95,"caring_supportive",3,19,"female","man","gay/lesbian","hispanic","high_school",80000,"widowed",5,"yes",16000
95,"self_efficacy",3,19,"female","man","gay/lesbian","hispanic","high_school",80000,"widowed",5,"yes",16000
95,"acknowledging",4,19,"female","man","gay/lesbian","hispanic","high_school",80000,"widowed",5,"yes",16000
95,"value_affirmation",5,19,"female","man","gay/lesbian","hispanic","high_school",80000,"widowed",5,"yes",16000
95,"norms",6,19,"female","man","gay/lesbian","hispanic","high_school",80000,"widowed",5,"yes",16000
96,"legitimizing",1,54,"male","nonbinary","other","white","master",1e+05,"widowed",1,"yes",100000
96,"caring_supportive",2,54,"male","nonbinary","other","white","master",1e+05,"widowed",1,"yes",100000
96,"self_efficacy",3,54,"male","nonbinary","other","white","master",1e+05,"widowed",1,"yes",100000
96,"acknowledging",4,54,"male","nonbinary","other","white","master",1e+05,"widowed",1,"yes",100000
96,"value_affirmation",5,54,"male","nonbinary","other","white","master",1e+05,"widowed",1,"yes",100000
96,"norms",6,54,"male","nonbinary","other","white","master",1e+05,"widowed",1,"yes",100000
97,"legitimizing",2,49,"female","man","other","asian","bachelor",20000,"single",3,"no",6666
97,"caring_supportive",1,49,"female","man","other","asian","bachelor",20000,"single",3,"no",6666
97,"self_efficacy",3,49,"female","man","other","asian","bachelor",20000,"single",3,"no",6666
97,"acknowledging",4,49,"female","man","other","asian","bachelor",20000,"single",3,"no",6666
97,"value_affirmation",5,49,"female","man","other","asian","bachelor",20000,"single",3,"no",6666
97,"norms",6,49,"female","man","other","asian","bachelor",20000,"single",3,"no",6666
98,"legitimizing",1,29,"male","nonbinary","other","hispanic","high_school",80000,"married",6,"no",13333
98,"caring_supportive",2,29,"male","nonbinary","other","hispanic","high_school",80000,"married",6,"no",13333
98,"self_efficacy",3,29,"male","nonbinary","other","hispanic","high_school",80000,"married",6,"no",13333
98,"acknowledging",4,29,"male","nonbinary","other","hispanic","high_school",80000,"married",6,"no",13333
98,"value_affirmation",5,29,"male","nonbinary","other","hispanic","high_school",80000,"married",6,"no",13333
98,"norms",7,29,"male","nonbinary","other","hispanic","high_school",80000,"married",6,"no",13333
99,"legitimizing",1,24,"male","man","heterosexual","asian","master",60000,"widowed",6,"yes",10000
99,"caring_supportive",2,24,"male","man","heterosexual","asian","master",60000,"widowed",6,"yes",10000
99,"self_efficacy",3,24,"male","man","heterosexual","asian","master",60000,"widowed",6,"yes",10000
99,"acknowledging",4,24,"male","man","heterosexual","asian","master",60000,"widowed",6,"yes",10000
99,"value_affirmation",5,24,"male","man","heterosexual","asian","master",60000,"widowed",6,"yes",10000
99,"norms",7,24,"male","man","heterosexual","asian","master",60000,"widowed",6,"yes",10000
100,"legitimizing",1,30,"male","woman","gay/lesbian","black","high_school",80000,"divorced",3,"yes",26666
100,"caring_supportive",2,30,"male","woman","gay/lesbian","black","high_school",80000,"divorced",3,"yes",26666
100,"self_efficacy",3,30,"male","woman","gay/lesbian","black","high_school",80000,"divorced",3,"yes",26666
100,"acknowledging",4,30,"male","woman","gay/lesbian","black","high_school",80000,"divorced",3,"yes",26666
100,"value_affirmation",5,30,"male","woman","gay/lesbian","black","high_school",80000,"divorced",3,"yes",26666
100,"norms",7,30,"male","woman","gay/lesbian","black","high_school",80000,"divorced",3,"yes",26666
